-- MySQL dump 10.13  Distrib 8.0.25, for Linux (x86_64)
--
-- Host: 10.75.4.65    Database: db
-- ------------------------------------------------------
-- Server version	8.0.17

/*!40101 SET @OLD_CHARACTER_SET_CLIENT=@@CHARACTER_SET_CLIENT */;
/*!40101 SET @OLD_CHARACTER_SET_RESULTS=@@CHARACTER_SET_RESULTS */;
/*!40101 SET @OLD_COLLATION_CONNECTION=@@COLLATION_CONNECTION */;
/*!50503 SET NAMES utf8mb4 */;
/*!40103 SET @OLD_TIME_ZONE=@@TIME_ZONE */;
/*!40103 SET TIME_ZONE='+00:00' */;
/*!40014 SET @OLD_UNIQUE_CHECKS=@@UNIQUE_CHECKS, UNIQUE_CHECKS=0 */;
/*!40014 SET @OLD_FOREIGN_KEY_CHECKS=@@FOREIGN_KEY_CHECKS, FOREIGN_KEY_CHECKS=0 */;
/*!40101 SET @OLD_SQL_MODE=@@SQL_MODE, SQL_MODE='NO_AUTO_VALUE_ON_ZERO' */;
/*!40111 SET @OLD_SQL_NOTES=@@SQL_NOTES, SQL_NOTES=0 */;

--
-- Table structure for table `availability`
--

DROP TABLE IF EXISTS `availability`;
/*!40101 SET @saved_cs_client     = @@character_set_client */;
/*!50503 SET character_set_client = utf8mb4 */;
CREATE TABLE `availability` (
  `node` int(11) NOT NULL,
  `value` int(11) DEFAULT NULL,
  PRIMARY KEY (`node`)
) ENGINE=InnoDB DEFAULT CHARSET=utf8mb4 COLLATE=utf8mb4_0900_ai_ci;
/*!40101 SET character_set_client = @saved_cs_client */;

--
-- Dumping data for table `availability`
--

LOCK TABLES `availability` WRITE;
/*!40000 ALTER TABLE `availability` DISABLE KEYS */;
INSERT INTO `availability` VALUES (1,62),(2,65),(3,62),(4,85),(5,68),(6,98),(7,98),(8,92),(9,93),(10,60),(11,86),(12,83),(13,75),(14,96),(15,99),(16,90),(17,80),(18,97),(19,65),(20,86),(21,96),(22,90),(23,75),(24,93),(25,67),(26,97),(27,90),(28,94),(29,78),(30,89);
/*!40000 ALTER TABLE `availability` ENABLE KEYS */;
UNLOCK TABLES;

--
-- Table structure for table `computation_lock`
--

DROP TABLE IF EXISTS `computation_lock`;
/*!40101 SET @saved_cs_client     = @@character_set_client */;
/*!50503 SET character_set_client = utf8mb4 */;
CREATE TABLE `computation_lock` (
  `Locked` int(11) NOT NULL,
  PRIMARY KEY (`Locked`)
) ENGINE=InnoDB DEFAULT CHARSET=utf8mb4 COLLATE=utf8mb4_0900_ai_ci;
/*!40101 SET character_set_client = @saved_cs_client */;

--
-- Dumping data for table `computation_lock`
--

LOCK TABLES `computation_lock` WRITE;
/*!40000 ALTER TABLE `computation_lock` DISABLE KEYS */;
INSERT INTO `computation_lock` VALUES (0);
/*!40000 ALTER TABLE `computation_lock` ENABLE KEYS */;
UNLOCK TABLES;

--
-- Table structure for table `events`
--

DROP TABLE IF EXISTS `events`;
/*!40101 SET @saved_cs_client     = @@character_set_client */;
/*!50503 SET character_set_client = utf8mb4 */;
CREATE TABLE `events` (
  `id` int(11) NOT NULL AUTO_INCREMENT,
  `data_source` int(11) DEFAULT NULL,
  `action` int(11) DEFAULT NULL,
  `time_stamp` int(11) DEFAULT NULL,
  `feedback_1` double NOT NULL DEFAULT '0',
  `feedback_2` double DEFAULT '0',
  `feedback_3` double DEFAULT '0',
  `feedback_4` double DEFAULT '0',
  `feedback_5` double DEFAULT '0',
  `feedback_6` double DEFAULT '0',
  `feedback_7` double DEFAULT '0',
  `feedback_8` double DEFAULT '0',
  `feedback_9` double DEFAULT '0',
  `feedback_10` double DEFAULT '0',
  `feedback_11` double DEFAULT '0',
  `feedback_12` double DEFAULT '0',
  `feedback_13` double DEFAULT '0',
  `feedback_14` double DEFAULT '0',
  `feedback_15` double DEFAULT '0',
  `feedback_16` double DEFAULT '0',
  `feedback_17` double DEFAULT '0',
  `feedback_18` double DEFAULT '0',
  `feedback_19` double DEFAULT '0',
  `feedback_20` double DEFAULT '0',
  `active` int(11) DEFAULT NULL,
  `controller_id` int(11) DEFAULT NULL,
  `random` int(11) DEFAULT '0',
  `sum_feedback` double NOT NULL DEFAULT '0',
  `action_type` varchar(100) CHARACTER SET utf8mb4 COLLATE utf8mb4_0900_ai_ci DEFAULT NULL,
  PRIMARY KEY (`id`)
) ENGINE=InnoDB AUTO_INCREMENT=63 DEFAULT CHARSET=utf8mb4 COLLATE=utf8mb4_0900_ai_ci;
/*!40101 SET character_set_client = @saved_cs_client */;

--
-- Dumping data for table `events`
--

LOCK TABLES `events` WRITE;
/*!40000 ALTER TABLE `events` DISABLE KEYS */;
INSERT INTO `events` VALUES (1,1,2,1621959358,0,0.7388888888888889,0.8388888888888889,0.95,0.8055555555555556,0,0,0,0,0,0.9222222222222223,0.9888888888888889,0,0.1444444444444445,0.85,0,0,0,0,0,0,1,1,6.238888888888889,'copy'),(2,1,11,1621959360,0.5,0.75,0.85,0.9611111111111111,0.8166666666666667,0,0,0,0,0,0.9333333333333333,0,0,0.15555555555555556,0.8611111111111112,0,0,0,0,0,0,12,0,5.827777777777778,'move'),(3,2,187,1621959426,0,0,0,0,0,0,0,0,0,0,0,0,0,0,0,0,0,0,0,0,0,1,0,0,'change reference copy'),(4,1,125,1621959437,0.9277777777777778,0.4833333333333333,0.9055555555555556,0.9277777777777778,0,0,0,0,0,0,0.9777777777777777,0,0,0.5833333333333333,0.9277777777777778,0,0,0,0,0,0,5,0,5.733333333333333,'move'),(5,1,179,1621959512,0,0.9,0,0.9444444444444444,0,0,0,0,0,0,0,0,0,1,0.5333333333333333,0,0,0,0,0,0,1,0,3.3777777777777778,'move'),(6,1,146,1621959542,0,0.1611111111111111,0,0.6611111111111111,0,0,0,0,0,0,0,0,0,0.2833333333333333,0.7,0,0,0,0,0,0,1,0,1.8055555555555554,'copy'),(7,3,189,1621959562,0,0,0,0,0,0,0,0,0,0,0,0,0,0,0,0,0,0,0,0,0,1,0,0,'change reference copy'),(8,1,161,1621959597,0.6888888888888889,0.4666666666666667,0.06666666666666665,0.9666666666666667,0.10555555555555551,0,0,0,0,0,0.0888888888888889,0.12222222222222223,0,0.5888888888888889,0,0,0,0,0,0,0,15,0,3.094444444444445,'move'),(9,1,181,1621959653,0,0.7777777777777778,0.37777777777777777,0.8722222222222222,0.41666666666666663,0,0,0,0,0,0.4,0.43333333333333335,0,0.9,0.4388888888888889,0,0,0,0,0,0,1,0,4.616666666666667,'change reference copy'),(10,1,182,1621959673,0.5,0.8888888888888888,0.48888888888888893,0.9833333333333333,0.5277777777777778,0,0,0,0,0,0.5111111111111111,0.5444444444444445,0,0,0.55,0,0,0,0,0,0,14,0,4.9944444444444445,'change reference copy'),(11,3,8,1621959674,0,0,0,0,0,0,0,0,0,0,0,0,0,0,0,0,0,0,0,0,0,1,1,0,'copy'),(12,1,169,1621959676,0.5166666666666666,0.9055555555555556,0.5055555555555555,0,0.5444444444444445,0,0,0,0,0,0.5277777777777778,0.5611111111111111,0,0,0.5666666666666667,0,0,0,0,0,0,4,0,4.127777777777777,'move'),(13,4,184,1621959730,0,0,0,0,0,0,0,0,0,0,0,0,0,0,0,0,0,0,0,0,0,1,0,0,'change reference copy'),(14,1,71,1621959755,0.9555555555555556,0.5777777777777777,0.9444444444444444,0.5277777777777778,0.9833333333333333,0,0,0,0,0,0.9666666666666667,0,0,0,0,0,0,0,0,0,0,15,0,4.955555555555555,'move'),(15,1,71,1621959757,0.9666666666666667,0.5888888888888889,0.9555555555555556,0.5388888888888889,0.9944444444444445,0,0,0,0,0,0.9777777777777777,0,0,0,0.0888888888888889,0,0,0,0,0,0,12,0,5.111111111111111,'move'),(16,1,181,1621959825,0,0.9666666666666667,0.4666666666666667,0.9166666666666666,0.47777777777777775,0,0,0,0,0,0.36111111111111116,0,0,0,0.4666666666666667,0,0,0,0,0,0,1,0,3.655555555555556,'change reference copy'),(17,1,182,1621959833,0.7555555555555555,0,0.5111111111111111,0.9611111111111111,0.5222222222222221,0,0,0,0,0,0.40555555555555556,0,0,0,0.5111111111111111,0,0,0,0,0,0,2,0,3.6666666666666665,'change reference copy'),(18,1,169,1621959842,0.8055555555555556,0,0.5611111111111111,0,0.5722222222222222,0,0,0,0,0,0.4555555555555556,0,0,0,0.5611111111111111,0,0,0,0,0,0,4,0,2.9555555555555557,'move'),(19,3,184,1621959844,0,0,0,0,0,0,0,0,0,0,0,0,0,0,0,0,0,0,0,0,0,1,0,0,'change reference copy'),(20,1,65,1621959878,0,0,0.7611111111111111,0.4666666666666667,0.7722222222222223,0,0,0,0,0,0.6555555555555556,0,0,0,0.7611111111111111,0,0,0,0,0,0,1,0,3.4166666666666665,'move'),(21,1,123,1621959900,0,0,0.8833333333333333,0.5888888888888889,0.8944444444444445,0,0,0,0,0,0.7777777777777778,0,0,0,0.8833333333333333,0,0,0,0,0,0,1,0,4.027777777777778,'move'),(22,1,158,1621959930,0,0,0.33333333333333337,0.7555555555555555,0.4,0,0,0,0,0,0.9444444444444444,0.10555555555555551,0,0,0,0,0,0,0,0,0,1,1,2.538888888888889,'copy'),(23,5,189,1621959954,0,0,0,0,0,0,0,0,0,0,0,0,0,0,0,0,0,0,0,0,0,1,0,0,'change reference copy'),(24,1,151,1621959975,0.95,0,0.5833333333333333,0,0.65,0,0,0,0,0,0.6222222222222222,0.3555555555555555,0,0,0,0,0,0,0,0,0,4,0,3.161111111111111,'move'),(25,1,72,1621960031,0,0,0.8944444444444445,0.18888888888888888,0.9611111111111111,0,0,0,0,0,0.9333333333333333,0.6666666666666667,0,0,0,0,0,0,0,0,0,1,1,3.644444444444445,'copy'),(26,1,190,1621960039,0,0,0.9388888888888889,0.23333333333333328,0,0,0,0,0,0,0.9777777777777777,0.7111111111111111,0,0,0,0,0,0,0,0,0,5,0,2.861111111111111,'change reference copy'),(27,1,58,1621960045,0,0,0.9722222222222222,0.2666666666666667,0,0,0,0,0,0,0,0.7444444444444445,0,0,0,0,0,0,0,0,0,11,1,1.9833333333333334,'copy'),(28,1,190,1621960052,0,0,0,0.3055555555555556,0,0,0,0,0,0,0,0.7833333333333333,0,0,0,0,0,0,0,0,0,3,0,1.088888888888889,'change reference copy'),(29,6,187,1621960080,0,0,0,0,0,0,0,0,0,0,0,0,0,0,0,0,0,0,0,0,0,1,0,0,'change reference copy'),(30,1,71,1621960093,0,0,0,0.5333333333333333,0,0,0,0,0,0,0,0,0,0,0,0,0,0,0,0,0,12,1,0.5333333333333333,'move'),(31,7,190,1621960096,0,0,0,0,0,0,0,0,0,0,0,0,0,0,0,0,0,0,0,0,0,11,0,0,'change reference copy'),(32,5,190,1621960105,0,0,0,0,0,0,0,0,0,0,0,0,0,0,0,0,0,0,0,0,0,1,0,0,'change reference copy'),(33,6,187,1621960154,0,0,0,0,0,0,0,0,0,0,0,0,0,0,0,0,0,0,0,0,0,1,0,0,'change reference copy'),(34,5,190,1621960177,0,0,0,0,0,0,0,0,0,0,0,0,0,0,0,0,0,0,0,0,0,1,0,0,'change reference copy'),(35,1,170,1621960180,0,0,0,0,0,0,0,0,0,0,0,0,0,0,0,0,0,0,0,0,0,4,0,0,'copy'),(36,6,187,1621960226,0,0,0,0,0,0,0,0,0,0,0,0,0,0,0,0,0,0,0,0,0,1,0,0,'change reference copy'),(37,5,190,1621960248,0,0,0,0,0,0,0,0,0,0,0,0,0,0,0,0,0,0,0,0,0,1,0,0,'change reference copy'),(38,6,187,1621960297,0,0,0,0,0,0,0,0,0,0,0,0,0,0,0,0,0,0,0,0,0,1,0,0,'change reference copy'),(39,5,190,1621960320,0,0,0,0,0,0,0,0,0,0,0,0,0,0,0,0,0,0,0,0,0,1,0,0,'change reference copy'),(40,6,187,1621960369,0,0,0,0,0,0,0,0,0,0,0,0,0,0,0,0,0,0,0,0,0,1,0,0,'change reference copy'),(41,5,117,1621960393,0,0,0,0,0,0,0,0,0,0,0,0,0,0,0,0,0,0,0,0,0,1,1,0,'move'),(42,5,184,1621960450,0,0,0,0,0,0,0,0,0,0,0,0,0,0,0,0,0,0,0,0,0,1,0,0,'change reference copy'),(43,8,56,1621960483,0,0,0,0,0,0,0,0,0,0,0,0,0,0,0,0,0,0,0,0,0,1,1,0,'copy'),(44,9,184,1621960504,0,0,0,0,0,0,0,0,0,0,0,0,0,0,0,0,0,0,0,0,0,1,0,0,'change reference copy'),(45,8,66,1621960537,0,0,0,0,0,0,0,0,0,0,0,0,0,0,0,0,0,0,0,0,0,1,0,0,'copy'),(46,10,190,1621960559,0,0,0,0,0,0,0,0,0,0,0,0,0,0,0,0,0,0,0,0,0,1,0,0,'change reference copy'),(47,6,187,1621960608,0,0,0,0,0,0,0,0,0,0,0,0,0,0,0,0,0,0,0,0,0,1,0,0,'change reference copy'),(48,10,190,1621960631,0,0,0,0,0,0,0,0,0,0,0,0,0,0,0,0,0,0,0,0,0,1,0,0,'change reference copy'),(49,6,187,1621960681,0,0,0,0,0,0,0,0,0,0,0,0,0,0,0,0,0,0,0,0,0,1,0,0,'change reference copy'),(50,10,190,1621960703,0,0,0,0,0,0,0,0,0,0,0,0,0,0,0,0,0,0,0,0,0,1,0,0,'change reference copy'),(51,6,187,1621960752,0,0,0,0,0,0,0,0,0,0,0,0,0,0,0,0,0,0,0,0,0,1,0,0,'change reference copy'),(52,10,110,1621960774,0,0,0,0,0,0,0,0,0,0,0,0,0,0,0,0,0,0,0,0,0,1,1,0,'copy'),(53,11,187,1621960794,0,0,0,0,0,0,0,0,0,0,0,0,0,0,0,0,0,0,0,0,0,1,0,0,'change reference copy'),(54,10,190,1621960817,0,0,0,0,0,0,0,0,0,0,0,0,0,0,0,0,0,0,0,0,0,1,0,0,'change reference copy'),(55,6,187,1621960866,0,0,0,0,0,0,0,0,0,0,0,0,0,0,0,0,0,0,0,0,0,1,0,0,'change reference copy'),(56,10,190,1621960890,0,0,0,0,0,0,0,0,0,0,0,0,0,0,0,0,0,0,0,0,0,1,0,0,'change reference copy'),(57,6,187,1621960939,0,0,0,0,0,0,0,0,0,0,0,0,0,0,0,0,0,0,0,0,0,1,0,0,'change reference copy'),(58,10,190,1621960962,0,0,0,0,0,0,0,0,0,0,0,0,0,0,0,0,0,0,0,0,0,1,0,0,'change reference copy'),(59,6,187,1621961011,0,0,0,0,0,0,0,0,0,0,0,0,0,0,0,0,0,0,0,0,0,1,0,0,'change reference copy'),(60,10,190,1621961034,0,0,0,0,0,0,0,0,0,0,0,0,0,0,0,0,0,0,0,0,0,1,0,0,'change reference copy'),(61,6,187,1621961083,0,0,0,0,0,0,0,0,0,0,0,0,0,0,0,0,0,0,0,0,0,1,0,0,'change reference copy'),(62,10,190,1621961105,0,0,0,0,0,0,0,0,0,0,0,0,0,0,0,0,0,0,0,0,0,1,0,0,'change reference copy');
/*!40000 ALTER TABLE `events` ENABLE KEYS */;
UNLOCK TABLES;

--
-- Table structure for table `events_details`
--

DROP TABLE IF EXISTS `events_details`;
/*!40101 SET @saved_cs_client     = @@character_set_client */;
/*!50503 SET character_set_client = utf8mb4 */;
CREATE TABLE `events_details` (
  `id` int(11) NOT NULL AUTO_INCREMENT,
  `data_source` varchar(3) NOT NULL,
  `action` varchar(30) NOT NULL,
  `source` varchar(3) NOT NULL,
  `destination` varchar(3) NOT NULL,
  `type` varchar(30) NOT NULL,
  PRIMARY KEY (`id`)
) ENGINE=InnoDB AUTO_INCREMENT=71 DEFAULT CHARSET=utf8mb4 COLLATE=utf8mb4_0900_ai_ci;
/*!40101 SET character_set_client = @saved_cs_client */;

--
-- Dumping data for table `events_details`
--

LOCK TABLES `events_details` WRITE;
/*!40000 ALTER TABLE `events_details` DISABLE KEYS */;
INSERT INTO `events_details` VALUES (9,'1','2','1','2','copy'),(10,'1','11','1','12','move'),(11,'2','187','2','12','change reference copy'),(12,'1','125','12','15','move'),(13,'1','179','15','14','move'),(14,'1','146','14','1','copy'),(15,'3','189','1','14','change reference copy'),(16,'1','161','14','15','move'),(17,'1','181','15','1','change reference copy'),(18,'1','182','15','2','change reference copy'),(19,'3','8','1','5','copy'),(20,'1','169','15','4','move'),(21,'4','184','5','4','change reference copy'),(22,'1','71','4','15','move'),(23,'1','71','4','15','move'),(24,'1','181','15','1','change reference copy'),(25,'1','182','15','2','change reference copy'),(26,'1','169','15','4','move'),(27,'3','184','1','4','change reference copy'),(28,'1','65','4','12','move'),(29,'1','123','12','14','move'),(30,'1','158','14','12','copy'),(31,'5','189','12','14','change reference copy'),(32,'1','151','14','4','move'),(33,'1','72','4','15','copy'),(34,'1','190','4','15','change reference copy'),(35,'1','58','4','2','copy'),(36,'1','190','4','15','change reference copy'),(37,'6','187','15','12','change reference copy'),(38,'1','71','4','15','move'),(39,'7','190','2','15','change reference copy'),(40,'5','190','12','15','change reference copy'),(41,'6','187','15','12','change reference copy'),(42,'5','190','12','15','change reference copy'),(43,'1','170','15','4','copy'),(44,'6','187','15','12','change reference copy'),(45,'5','190','12','15','change reference copy'),(46,'6','187','15','12','change reference copy'),(47,'5','190','12','15','change reference copy'),(48,'6','187','15','12','change reference copy'),(49,'5','117','12','5','move'),(50,'5','184','5','4','change reference copy'),(51,'8','56','4','1','copy'),(52,'9','184','1','4','change reference copy'),(53,'8','66','4','12','copy'),(54,'10','190','12','15','change reference copy'),(55,'6','187','15','12','change reference copy'),(56,'10','190','12','15','change reference copy'),(57,'6','187','15','12','change reference copy'),(58,'10','190','12','15','change reference copy'),(59,'6','187','15','12','change reference copy'),(60,'10','110','12','1','copy'),(61,'11','187','1','12','change reference copy'),(62,'10','190','12','15','change reference copy'),(63,'6','187','15','12','change reference copy'),(64,'10','190','12','15','change reference copy'),(65,'6','187','15','12','change reference copy'),(66,'10','190','12','15','change reference copy'),(67,'6','187','15','12','change reference copy'),(68,'10','190','12','15','change reference copy'),(69,'6','187','15','12','change reference copy'),(70,'10','190','12','15','change reference copy');
/*!40000 ALTER TABLE `events_details` ENABLE KEYS */;
UNLOCK TABLES;

--
-- Table structure for table `file_table`
--

DROP TABLE IF EXISTS `file_table`;
/*!40101 SET @saved_cs_client     = @@character_set_client */;
/*!50503 SET character_set_client = utf8mb4 */;
CREATE TABLE `file_table` (
  `data_set` int(11) NOT NULL AUTO_INCREMENT,
  `node` int(11) DEFAULT NULL,
  PRIMARY KEY (`data_set`)
) ENGINE=InnoDB AUTO_INCREMENT=12 DEFAULT CHARSET=utf8mb4 COLLATE=utf8mb4_0900_ai_ci;
/*!40101 SET character_set_client = @saved_cs_client */;

--
-- Dumping data for table `file_table`
--

LOCK TABLES `file_table` WRITE;
/*!40000 ALTER TABLE `file_table` DISABLE KEYS */;
INSERT INTO `file_table` VALUES (1,15),(2,2),(3,1),(4,5),(5,5),(6,15),(7,2),(8,4),(9,1),(10,12),(11,1);
/*!40000 ALTER TABLE `file_table` ENABLE KEYS */;
UNLOCK TABLES;

--
-- Table structure for table `global_counter`
--

DROP TABLE IF EXISTS `global_counter`;
/*!40101 SET @saved_cs_client     = @@character_set_client */;
/*!50503 SET character_set_client = utf8mb4 */;
CREATE TABLE `global_counter` (
  `action` varchar(10) NOT NULL,
  `id` int(11) NOT NULL,
  `value` int(11) DEFAULT '0',
  PRIMARY KEY (`id`)
) ENGINE=InnoDB DEFAULT CHARSET=utf8mb4 COLLATE=utf8mb4_0900_ai_ci;
/*!40101 SET character_set_client = @saved_cs_client */;

--
-- Dumping data for table `global_counter`
--

LOCK TABLES `global_counter` WRITE;
/*!40000 ALTER TABLE `global_counter` DISABLE KEYS */;
INSERT INTO `global_counter` VALUES ('NA',0,0),('IM12',1,0),('IC12',2,1),('IM13',3,0),('IC13',4,0),('IM14',5,0),('IC14',6,0),('IM15',7,0),('IC15',8,0),('IM16',9,0),('IC16',10,0),('IM17',11,1),('IC17',12,0),('IM18',13,0),('IC18',14,0),('IM19',15,0),('IC19',16,0),('IM110',17,0),('IC110',18,0),('IM111',19,0),('IC111',20,0),('IM112',21,0),('IC112',22,0),('IM113',23,0),('IC113',24,0),('IM114',25,0),('IC114',26,0),('IM115',27,0),('IC115',28,0),('IM116',29,0),('IC116',30,0),('IM117',31,0),('IC117',32,0),('IM118',33,0),('IC118',34,0),('IM119',35,0),('IC119',36,0),('IM120',37,0),('IC120',38,0),('IM121',39,0),('IC121',40,0),('IM122',41,0),('IC122',42,0),('IM123',43,0),('IC123',44,0),('IM124',45,0),('IC124',46,0),('IM125',47,0),('IC125',48,0),('IM126',49,0),('IC126',50,0),('IM127',51,0),('IC127',52,0),('IM128',53,0),('IC128',54,0),('IM129',55,0),('IC129',56,0),('IM130',57,0),('IC130',58,1),('IM21',59,0),('IC21',60,0),('IM23',61,0),('IC23',62,0),('IM24',63,0),('IC24',64,0),('IM25',65,1),('IC25',66,0),('IM26',67,0),('IC26',68,0),('IM27',69,0),('IC27',70,0),('IM28',71,1),('IC28',72,1),('IM29',73,0),('IC29',74,0),('IM210',75,0),('IC210',76,0),('IM211',77,0),('IC211',78,0),('IM212',79,0),('IC212',80,0),('IM213',81,0),('IC213',82,0),('IM214',83,0),('IC214',84,0),('IM215',85,0),('IC215',86,0),('IM216',87,0),('IC216',88,0),('IM217',89,0),('IC217',90,0),('IM218',91,0),('IC218',92,0),('IM219',93,0),('IC219',94,0),('IM220',95,0),('IC220',96,0),('IM221',97,0),('IC221',98,0),('IM222',99,0),('IC222',100,0),('IM223',101,0),('IC223',102,0),('IM224',103,0),('IC224',104,0),('IM225',105,0),('IC225',106,0),('IM226',107,0),('IC226',108,0),('IM227',109,0),('IC227',110,0),('IM228',111,0),('IC228',112,0),('IM229',113,0),('IC229',114,0),('IM230',115,0),('IC230',116,0),('IM31',117,0),('IC31',118,0),('IM32',119,0),('IC32',120,0),('IM34',121,0),('IC34',122,0),('IM35',123,1),('IC35',124,0),('IM36',125,1),('IC36',126,0),('IM37',127,0),('IC37',128,0),('IM38',129,0),('IC38',130,0),('IM39',131,0),('IC39',132,0),('IM310',133,0),('IC310',134,0),('IM311',135,0),('IC311',136,0),('IM312',137,0),('IC312',138,0),('IM313',139,0),('IC313',140,0),('IM314',141,0),('IC314',142,0),('IM315',143,0),('IC315',144,0),('IM316',145,0),('IC316',146,1),('IM317',147,0),('IC317',148,0),('IM318',149,0),('IC318',150,0),('IM319',151,1),('IC319',152,0),('IM320',153,0),('IC320',154,0),('IM321',155,0),('IC321',156,0),('IM322',157,0),('IC322',158,1),('IM323',159,0),('IC323',160,0),('IM324',161,1),('IC324',162,0),('IM325',163,0),('IC325',164,0),('IM326',165,0),('IC326',166,0),('IM327',167,0),('IC327',168,0),('IM328',169,2),('IC328',170,0),('IM329',171,0),('IC329',172,0),('IM330',173,0),('IC330',174,0),('IM41',175,0),('IC41',176,0),('IM42',177,0),('IC42',178,0),('IM43',179,1),('IC43',180,0),('IM45',181,2),('IC45',182,2),('IM46',183,0),('IC46',184,0),('IM47',185,0),('IC47',186,0),('IM48',187,0),('IC48',188,0),('IM49',189,0),('IC49',190,0),('IM410',191,0),('IC410',192,0),('IM411',193,0),('IC411',194,0),('IM412',195,0),('IC412',196,0),('IM413',197,0),('IC413',198,0),('IM414',199,0),('IC414',200,0),('IM415',201,0),('IC415',202,0),('IM416',203,0),('IC416',204,0),('IM417',205,0),('IC417',206,0),('IM418',207,0),('IC418',208,0),('IM419',209,0),('IC419',210,0),('IM420',211,0),('IC420',212,0),('IM421',213,0),('IC421',214,0),('IM422',215,0),('IC422',216,0),('IM423',217,0),('IC423',218,0),('IM424',219,0),('IC424',220,0),('IM425',221,0),('IC425',222,0),('IM426',223,0),('IC426',224,0),('IM427',225,0),('IC427',226,0),('IM428',227,0),('IC428',228,0),('IM429',229,0),('IC429',230,0),('IM430',231,0),('IC430',232,0),('IM51',233,0),('IC51',234,0),('IM52',235,0),('IC52',236,0),('IM53',237,0),('IC53',238,0),('IM54',239,0),('IC54',240,0),('IM56',241,0),('IC56',242,0),('IM57',243,0),('IC57',244,0),('IM58',245,0),('IC58',246,0),('IM59',247,0),('IC59',248,0),('IM510',249,0),('IC510',250,0),('IM511',251,0),('IC511',252,0),('IM512',253,0),('IC512',254,0),('IM513',255,0),('IC513',256,0),('IM514',257,0),('IC514',258,0),('IM515',259,0),('IC515',260,0),('IM516',261,0),('IC516',262,0),('IM517',263,0),('IC517',264,0),('IM518',265,0),('IC518',266,0),('IM519',267,0),('IC519',268,0),('IM520',269,0),('IC520',270,0),('IM521',271,0),('IC521',272,0),('IM522',273,0),('IC522',274,0),('IM523',275,0),('IC523',276,0),('IM524',277,0),('IC524',278,0),('IM525',279,0),('IC525',280,0),('IM526',281,0),('IC526',282,0),('IM527',283,0),('IC527',284,0),('IM528',285,0),('IC528',286,0),('IM529',287,0),('IC529',288,0),('IM530',289,0),('IC530',290,0),('IM61',291,0),('IC61',292,0),('IM62',293,0),('IC62',294,0),('IM63',295,0),('IC63',296,0),('IM64',297,0),('IC64',298,0),('IM65',299,0),('IC65',300,0),('IM67',301,0),('IC67',302,0),('IM68',303,0),('IC68',304,0),('IM69',305,0),('IC69',306,0),('IM610',307,0),('IC610',308,0),('IM611',309,0),('IC611',310,0),('IM612',311,0),('IC612',312,0),('IM613',313,0),('IC613',314,0),('IM614',315,0),('IC614',316,0),('IM615',317,0),('IC615',318,0),('IM616',319,0),('IC616',320,0),('IM617',321,0),('IC617',322,0),('IM618',323,0),('IC618',324,0),('IM619',325,0),('IC619',326,0),('IM620',327,0),('IC620',328,0),('IM621',329,0),('IC621',330,0),('IM622',331,0),('IC622',332,0),('IM623',333,0),('IC623',334,0),('IM624',335,0),('IC624',336,0),('IM625',337,0),('IC625',338,0),('IM626',339,0),('IC626',340,0),('IM627',341,0),('IC627',342,0),('IM628',343,0),('IC628',344,0),('IM629',345,0),('IC629',346,0),('IM630',347,0),('IC630',348,0),('IM71',349,0),('IC71',350,0),('IM72',351,0),('IC72',352,0),('IM73',353,0),('IC73',354,0),('IM74',355,0),('IC74',356,0),('IM75',357,0),('IC75',358,0),('IM76',359,0),('IC76',360,0),('IM78',361,0),('IC78',362,0),('IM79',363,0),('IC79',364,0),('IM710',365,0),('IC710',366,0),('IM711',367,0),('IC711',368,0),('IM712',369,0),('IC712',370,0),('IM713',371,0),('IC713',372,0),('IM714',373,0),('IC714',374,0),('IM715',375,0),('IC715',376,0),('IM716',377,0),('IC716',378,0),('IM717',379,0),('IC717',380,0),('IM718',381,0),('IC718',382,0),('IM719',383,0),('IC719',384,0),('IM720',385,0),('IC720',386,0),('IM721',387,0),('IC721',388,0),('IM722',389,0),('IC722',390,0),('IM723',391,0),('IC723',392,0),('IM724',393,0),('IC724',394,0),('IM725',395,0),('IC725',396,0),('IM726',397,0),('IC726',398,0),('IM727',399,0),('IC727',400,0),('IM728',401,0),('IC728',402,0),('IM729',403,0),('IC729',404,0),('IM730',405,0),('IC730',406,0),('IM81',407,0),('IC81',408,0),('IM82',409,0),('IC82',410,0),('IM83',411,0),('IC83',412,0),('IM84',413,0),('IC84',414,0),('IM85',415,0),('IC85',416,0),('IM86',417,0),('IC86',418,0),('IM87',419,0),('IC87',420,0),('IM89',421,0),('IC89',422,0),('IM810',423,0),('IC810',424,0),('IM811',425,0),('IC811',426,0),('IM812',427,0),('IC812',428,0),('IM813',429,0),('IC813',430,0),('IM814',431,0),('IC814',432,0),('IM815',433,0),('IC815',434,0),('IM816',435,0),('IC816',436,0),('IM817',437,0),('IC817',438,0),('IM818',439,0),('IC818',440,0),('IM819',441,0),('IC819',442,0),('IM820',443,0),('IC820',444,0),('IM821',445,0),('IC821',446,0),('IM822',447,0),('IC822',448,0),('IM823',449,0),('IC823',450,0),('IM824',451,0),('IC824',452,0),('IM825',453,0),('IC825',454,0),('IM826',455,0),('IC826',456,0),('IM827',457,0),('IC827',458,0),('IM828',459,0),('IC828',460,0),('IM829',461,0),('IC829',462,0),('IM830',463,0),('IC830',464,0),('IM91',465,0),('IC91',466,0),('IM92',467,0),('IC92',468,0),('IM93',469,0),('IC93',470,0),('IM94',471,0),('IC94',472,0),('IM95',473,0),('IC95',474,0),('IM96',475,0),('IC96',476,0),('IM97',477,0),('IC97',478,0),('IM98',479,0),('IC98',480,0),('IM910',481,0),('IC910',482,0),('IM911',483,0),('IC911',484,0),('IM912',485,0),('IC912',486,0),('IM913',487,0),('IC913',488,0),('IM914',489,0),('IC914',490,0),('IM915',491,0),('IC915',492,0),('IM916',493,0),('IC916',494,0),('IM917',495,0),('IC917',496,0),('IM918',497,0),('IC918',498,0),('IM919',499,0),('IC919',500,0),('IM920',501,0),('IC920',502,0),('IM921',503,0),('IC921',504,0),('IM922',505,0),('IC922',506,0),('IM923',507,0),('IC923',508,0),('IM924',509,0),('IC924',510,0),('IM925',511,0),('IC925',512,0),('IM926',513,0),('IC926',514,0),('IM927',515,0),('IC927',516,0),('IM928',517,0),('IC928',518,0),('IM929',519,0),('IC929',520,0),('IM930',521,0),('IC930',522,0),('IM101',523,0),('IC101',524,0),('IM102',525,0),('IC102',526,0),('IM103',527,0),('IC103',528,0),('IM104',529,0),('IC104',530,0),('IM105',531,0),('IC105',532,0),('IM106',533,0),('IC106',534,0),('IM107',535,0),('IC107',536,0),('IM108',537,0),('IC108',538,0),('IM109',539,0),('IC109',540,0),('IM1011',541,0),('IC1011',542,0),('IM1012',543,0),('IC1012',544,0),('IM1013',545,0),('IC1013',546,0),('IM1014',547,0),('IC1014',548,0),('IM1015',549,0),('IC1015',550,0),('IM1016',551,0),('IC1016',552,0),('IM1017',553,0),('IC1017',554,0),('IM1018',555,0),('IC1018',556,0),('IM1019',557,0),('IC1019',558,0),('IM1020',559,0),('IC1020',560,0),('IM1021',561,0),('IC1021',562,0),('IM1022',563,0),('IC1022',564,0),('IM1023',565,0),('IC1023',566,0),('IM1024',567,0),('IC1024',568,0),('IM1025',569,0),('IC1025',570,0),('IM1026',571,0),('IC1026',572,0),('IM1027',573,0),('IC1027',574,0),('IM1028',575,0),('IC1028',576,0),('IM1029',577,0),('IC1029',578,0),('IM1030',579,0),('IC1030',580,0),('IM111',581,0),('IC111',582,0),('IM112',583,0),('IC112',584,0),('IM113',585,0),('IC113',586,0),('IM114',587,0),('IC114',588,0),('IM115',589,0),('IC115',590,0),('IM116',591,0),('IC116',592,0),('IM117',593,0),('IC117',594,0),('IM118',595,0),('IC118',596,0),('IM119',597,0),('IC119',598,0),('IM1110',599,0),('IC1110',600,0),('IM1112',601,0),('IC1112',602,0),('IM1113',603,0),('IC1113',604,0),('IM1114',605,0),('IC1114',606,0),('IM1115',607,0),('IC1115',608,0),('IM1116',609,0),('IC1116',610,0),('IM1117',611,0),('IC1117',612,0),('IM1118',613,0),('IC1118',614,0),('IM1119',615,0),('IC1119',616,0),('IM1120',617,0),('IC1120',618,0),('IM1121',619,0),('IC1121',620,0),('IM1122',621,0),('IC1122',622,0),('IM1123',623,0),('IC1123',624,0),('IM1124',625,0),('IC1124',626,0),('IM1125',627,0),('IC1125',628,0),('IM1126',629,0),('IC1126',630,0),('IM1127',631,0),('IC1127',632,0),('IM1128',633,0),('IC1128',634,0),('IM1129',635,0),('IC1129',636,0),('IM1130',637,0),('IC1130',638,0),('IM121',639,0),('IC121',640,0),('IM122',641,0),('IC122',642,0),('IM123',643,0),('IC123',644,0),('IM124',645,0),('IC124',646,0),('IM125',647,0),('IC125',648,0),('IM126',649,0),('IC126',650,0),('IM127',651,0),('IC127',652,0),('IM128',653,0),('IC128',654,0),('IM129',655,0),('IC129',656,0),('IM1210',657,0),('IC1210',658,0),('IM1211',659,0),('IC1211',660,0),('IM1213',661,0),('IC1213',662,0),('IM1214',663,0),('IC1214',664,0),('IM1215',665,0),('IC1215',666,0),('IM1216',667,0),('IC1216',668,0),('IM1217',669,0),('IC1217',670,0),('IM1218',671,0),('IC1218',672,0),('IM1219',673,0),('IC1219',674,0),('IM1220',675,0),('IC1220',676,0),('IM1221',677,0),('IC1221',678,0),('IM1222',679,0),('IC1222',680,0),('IM1223',681,0),('IC1223',682,0),('IM1224',683,0),('IC1224',684,0),('IM1225',685,0),('IC1225',686,0),('IM1226',687,0),('IC1226',688,0),('IM1227',689,0),('IC1227',690,0),('IM1228',691,0),('IC1228',692,0),('IM1229',693,0),('IC1229',694,0),('IM1230',695,0),('IC1230',696,0),('IM131',697,0),('IC131',698,0),('IM132',699,0),('IC132',700,0),('IM133',701,0),('IC133',702,0),('IM134',703,0),('IC134',704,0),('IM135',705,0),('IC135',706,0),('IM136',707,0),('IC136',708,0),('IM137',709,0),('IC137',710,0),('IM138',711,0),('IC138',712,0),('IM139',713,0),('IC139',714,0),('IM1310',715,0),('IC1310',716,0),('IM1311',717,0),('IC1311',718,0),('IM1312',719,0),('IC1312',720,0),('IM1314',721,0),('IC1314',722,0),('IM1315',723,0),('IC1315',724,0),('IM1316',725,0),('IC1316',726,0),('IM1317',727,0),('IC1317',728,0),('IM1318',729,0),('IC1318',730,0),('IM1319',731,0),('IC1319',732,0),('IM1320',733,0),('IC1320',734,0),('IM1321',735,0),('IC1321',736,0),('IM1322',737,0),('IC1322',738,0),('IM1323',739,0),('IC1323',740,0),('IM1324',741,0),('IC1324',742,0),('IM1325',743,0),('IC1325',744,0),('IM1326',745,0),('IC1326',746,0),('IM1327',747,0),('IC1327',748,0),('IM1328',749,0),('IC1328',750,0),('IM1329',751,0),('IC1329',752,0),('IM1330',753,0),('IC1330',754,0),('IM141',755,0),('IC141',756,0),('IM142',757,0),('IC142',758,0),('IM143',759,0),('IC143',760,0),('IM144',761,0),('IC144',762,0),('IM145',763,0),('IC145',764,0),('IM146',765,0),('IC146',766,0),('IM147',767,0),('IC147',768,0),('IM148',769,0),('IC148',770,0),('IM149',771,0),('IC149',772,0),('IM1410',773,0),('IC1410',774,0),('IM1411',775,0),('IC1411',776,0),('IM1412',777,0),('IC1412',778,0),('IM1413',779,0),('IC1413',780,0),('IM1415',781,0),('IC1415',782,0),('IM1416',783,0),('IC1416',784,0),('IM1417',785,0),('IC1417',786,0),('IM1418',787,0),('IC1418',788,0),('IM1419',789,0),('IC1419',790,0),('IM1420',791,0),('IC1420',792,0),('IM1421',793,0),('IC1421',794,0),('IM1422',795,0),('IC1422',796,0),('IM1423',797,0),('IC1423',798,0),('IM1424',799,0),('IC1424',800,0),('IM1425',801,0),('IC1425',802,0),('IM1426',803,0),('IC1426',804,0),('IM1427',805,0),('IC1427',806,0),('IM1428',807,0),('IC1428',808,0),('IM1429',809,0),('IC1429',810,0),('IM1430',811,0),('IC1430',812,0),('IM151',813,0),('IC151',814,0),('IM152',815,0),('IC152',816,0),('IM153',817,0),('IC153',818,0),('IM154',819,0),('IC154',820,0),('IM155',821,0),('IC155',822,0),('IM156',823,0),('IC156',824,0),('IM157',825,0),('IC157',826,0),('IM158',827,0),('IC158',828,0),('IM159',829,0),('IC159',830,0),('IM1510',831,0),('IC1510',832,0),('IM1511',833,0),('IC1511',834,0),('IM1512',835,0),('IC1512',836,0),('IM1513',837,0),('IC1513',838,0),('IM1514',839,0),('IC1514',840,0),('IM1516',841,0),('IC1516',842,0),('IM1517',843,0),('IC1517',844,0),('IM1518',845,0),('IC1518',846,0),('IM1519',847,0),('IC1519',848,0),('IM1520',849,0),('IC1520',850,0),('IM1521',851,0),('IC1521',852,0),('IM1522',853,0),('IC1522',854,0),('IM1523',855,0),('IC1523',856,0),('IM1524',857,0),('IC1524',858,0),('IM1525',859,0),('IC1525',860,0),('IM1526',861,0),('IC1526',862,0),('IM1527',863,0),('IC1527',864,0),('IM1528',865,0),('IC1528',866,0),('IM1529',867,0),('IC1529',868,0),('IM1530',869,0),('IC1530',870,0),('IM161',871,0),('IC161',872,0),('IM162',873,0),('IC162',874,0),('IM163',875,0),('IC163',876,0),('IM164',877,0),('IC164',878,0),('IM165',879,0),('IC165',880,0),('IM166',881,0),('IC166',882,0),('IM167',883,0),('IC167',884,0),('IM168',885,0),('IC168',886,0),('IM169',887,0),('IC169',888,0),('IM1610',889,0),('IC1610',890,0),('IM1611',891,0),('IC1611',892,0),('IM1612',893,0),('IC1612',894,0),('IM1613',895,0),('IC1613',896,0),('IM1614',897,0),('IC1614',898,0),('IM1615',899,0),('IC1615',900,0),('IM1617',901,0),('IC1617',902,0),('IM1618',903,0),('IC1618',904,0),('IM1619',905,0),('IC1619',906,0),('IM1620',907,0),('IC1620',908,0),('IM1621',909,0),('IC1621',910,0),('IM1622',911,0),('IC1622',912,0),('IM1623',913,0),('IC1623',914,0),('IM1624',915,0),('IC1624',916,0),('IM1625',917,0),('IC1625',918,0),('IM1626',919,0),('IC1626',920,0),('IM1627',921,0),('IC1627',922,0),('IM1628',923,0),('IC1628',924,0),('IM1629',925,0),('IC1629',926,0),('IM1630',927,0),('IC1630',928,0),('IM171',929,0),('IC171',930,0),('IM172',931,0),('IC172',932,0),('IM173',933,0),('IC173',934,0),('IM174',935,0),('IC174',936,0),('IM175',937,0),('IC175',938,0),('IM176',939,0),('IC176',940,0),('IM177',941,0),('IC177',942,0),('IM178',943,0),('IC178',944,0),('IM179',945,0),('IC179',946,0),('IM1710',947,0),('IC1710',948,0),('IM1711',949,0),('IC1711',950,0),('IM1712',951,0),('IC1712',952,0),('IM1713',953,0),('IC1713',954,0),('IM1714',955,0),('IC1714',956,0),('IM1715',957,0),('IC1715',958,0),('IM1716',959,0),('IC1716',960,0),('IM1718',961,0),('IC1718',962,0),('IM1719',963,0),('IC1719',964,0),('IM1720',965,0),('IC1720',966,0),('IM1721',967,0),('IC1721',968,0),('IM1722',969,0),('IC1722',970,0),('IM1723',971,0),('IC1723',972,0),('IM1724',973,0),('IC1724',974,0),('IM1725',975,0),('IC1725',976,0),('IM1726',977,0),('IC1726',978,0),('IM1727',979,0),('IC1727',980,0),('IM1728',981,0),('IC1728',982,0),('IM1729',983,0),('IC1729',984,0),('IM1730',985,0),('IC1730',986,0),('IM181',987,0),('IC181',988,0),('IM182',989,0),('IC182',990,0),('IM183',991,0),('IC183',992,0),('IM184',993,0),('IC184',994,0),('IM185',995,0),('IC185',996,0),('IM186',997,0),('IC186',998,0),('IM187',999,0),('IC187',1000,0),('IM188',1001,0),('IC188',1002,0),('IM189',1003,0),('IC189',1004,0),('IM1810',1005,0),('IC1810',1006,0),('IM1811',1007,0),('IC1811',1008,0),('IM1812',1009,0),('IC1812',1010,0),('IM1813',1011,0),('IC1813',1012,0),('IM1814',1013,0),('IC1814',1014,0),('IM1815',1015,0),('IC1815',1016,0),('IM1816',1017,0),('IC1816',1018,0),('IM1817',1019,0),('IC1817',1020,0),('IM1819',1021,0),('IC1819',1022,0),('IM1820',1023,0),('IC1820',1024,0),('IM1821',1025,0),('IC1821',1026,0),('IM1822',1027,0),('IC1822',1028,0),('IM1823',1029,0),('IC1823',1030,0),('IM1824',1031,0),('IC1824',1032,0),('IM1825',1033,0),('IC1825',1034,0),('IM1826',1035,0),('IC1826',1036,0),('IM1827',1037,0),('IC1827',1038,0),('IM1828',1039,0),('IC1828',1040,0),('IM1829',1041,0),('IC1829',1042,0),('IM1830',1043,0),('IC1830',1044,0),('IM191',1045,0),('IC191',1046,0),('IM192',1047,0),('IC192',1048,0),('IM193',1049,0),('IC193',1050,0),('IM194',1051,0),('IC194',1052,0),('IM195',1053,0),('IC195',1054,0),('IM196',1055,0),('IC196',1056,0),('IM197',1057,0),('IC197',1058,0),('IM198',1059,0),('IC198',1060,0),('IM199',1061,0),('IC199',1062,0),('IM1910',1063,0),('IC1910',1064,0),('IM1911',1065,0),('IC1911',1066,0),('IM1912',1067,0),('IC1912',1068,0),('IM1913',1069,0),('IC1913',1070,0),('IM1914',1071,0),('IC1914',1072,0),('IM1915',1073,0),('IC1915',1074,0),('IM1916',1075,0),('IC1916',1076,0),('IM1917',1077,0),('IC1917',1078,0),('IM1918',1079,0),('IC1918',1080,0),('IM1920',1081,0),('IC1920',1082,0),('IM1921',1083,0),('IC1921',1084,0),('IM1922',1085,0),('IC1922',1086,0),('IM1923',1087,0),('IC1923',1088,0),('IM1924',1089,0),('IC1924',1090,0),('IM1925',1091,0),('IC1925',1092,0),('IM1926',1093,0),('IC1926',1094,0),('IM1927',1095,0),('IC1927',1096,0),('IM1928',1097,0),('IC1928',1098,0),('IM1929',1099,0),('IC1929',1100,0),('IM1930',1101,0),('IC1930',1102,0),('IM201',1103,0),('IC201',1104,0),('IM202',1105,0),('IC202',1106,0),('IM203',1107,0),('IC203',1108,0),('IM204',1109,0),('IC204',1110,0),('IM205',1111,0),('IC205',1112,0),('IM206',1113,0),('IC206',1114,0),('IM207',1115,0),('IC207',1116,0),('IM208',1117,0),('IC208',1118,0),('IM209',1119,0),('IC209',1120,0),('IM2010',1121,0),('IC2010',1122,0),('IM2011',1123,0),('IC2011',1124,0),('IM2012',1125,0),('IC2012',1126,0),('IM2013',1127,0),('IC2013',1128,0),('IM2014',1129,0),('IC2014',1130,0),('IM2015',1131,0),('IC2015',1132,0),('IM2016',1133,0),('IC2016',1134,0),('IM2017',1135,0),('IC2017',1136,0),('IM2018',1137,0),('IC2018',1138,0),('IM2019',1139,0),('IC2019',1140,0),('IM2021',1141,0),('IC2021',1142,0),('IM2022',1143,0),('IC2022',1144,0),('IM2023',1145,0),('IC2023',1146,0),('IM2024',1147,0),('IC2024',1148,0),('IM2025',1149,0),('IC2025',1150,0),('IM2026',1151,0),('IC2026',1152,0),('IM2027',1153,0),('IC2027',1154,0),('IM2028',1155,0),('IC2028',1156,0),('IM2029',1157,0),('IC2029',1158,0),('IM2030',1159,0),('IC2030',1160,0),('IM211',1161,0),('IC211',1162,0),('IM212',1163,0),('IC212',1164,0),('IM213',1165,0),('IC213',1166,0),('IM214',1167,0),('IC214',1168,0),('IM215',1169,0),('IC215',1170,0),('IM216',1171,0),('IC216',1172,0),('IM217',1173,0),('IC217',1174,0),('IM218',1175,0),('IC218',1176,0),('IM219',1177,0),('IC219',1178,0),('IM2110',1179,0),('IC2110',1180,0),('IM2111',1181,0),('IC2111',1182,0),('IM2112',1183,0),('IC2112',1184,0),('IM2113',1185,0),('IC2113',1186,0),('IM2114',1187,0),('IC2114',1188,0),('IM2115',1189,0),('IC2115',1190,0),('IM2116',1191,0),('IC2116',1192,0),('IM2117',1193,0),('IC2117',1194,0),('IM2118',1195,0),('IC2118',1196,0),('IM2119',1197,0),('IC2119',1198,0),('IM2120',1199,0),('IC2120',1200,0),('IM2122',1201,0),('IC2122',1202,0),('IM2123',1203,0),('IC2123',1204,0),('IM2124',1205,0),('IC2124',1206,0),('IM2125',1207,0),('IC2125',1208,0),('IM2126',1209,0),('IC2126',1210,0),('IM2127',1211,0),('IC2127',1212,0),('IM2128',1213,0),('IC2128',1214,0),('IM2129',1215,0),('IC2129',1216,0),('IM2130',1217,0),('IC2130',1218,0),('IM221',1219,0),('IC221',1220,0),('IM222',1221,0),('IC222',1222,0),('IM223',1223,0),('IC223',1224,0),('IM224',1225,0),('IC224',1226,0),('IM225',1227,0),('IC225',1228,0),('IM226',1229,0),('IC226',1230,0),('IM227',1231,0),('IC227',1232,0),('IM228',1233,0),('IC228',1234,0),('IM229',1235,0),('IC229',1236,0),('IM2210',1237,0),('IC2210',1238,0),('IM2211',1239,0),('IC2211',1240,0),('IM2212',1241,0),('IC2212',1242,0),('IM2213',1243,0),('IC2213',1244,0),('IM2214',1245,0),('IC2214',1246,0),('IM2215',1247,0),('IC2215',1248,0),('IM2216',1249,0),('IC2216',1250,0),('IM2217',1251,0),('IC2217',1252,0),('IM2218',1253,0),('IC2218',1254,0),('IM2219',1255,0),('IC2219',1256,0),('IM2220',1257,0),('IC2220',1258,0),('IM2221',1259,0),('IC2221',1260,0),('IM2223',1261,0),('IC2223',1262,0),('IM2224',1263,0),('IC2224',1264,0),('IM2225',1265,0),('IC2225',1266,0),('IM2226',1267,0),('IC2226',1268,0),('IM2227',1269,0),('IC2227',1270,0),('IM2228',1271,0),('IC2228',1272,0),('IM2229',1273,0),('IC2229',1274,0),('IM2230',1275,0),('IC2230',1276,0),('IM231',1277,0),('IC231',1278,0),('IM232',1279,0),('IC232',1280,0),('IM233',1281,0),('IC233',1282,0),('IM234',1283,0),('IC234',1284,0),('IM235',1285,0),('IC235',1286,0),('IM236',1287,0),('IC236',1288,0),('IM237',1289,0),('IC237',1290,0),('IM238',1291,0),('IC238',1292,0),('IM239',1293,0),('IC239',1294,0),('IM2310',1295,0),('IC2310',1296,0),('IM2311',1297,0),('IC2311',1298,0),('IM2312',1299,0),('IC2312',1300,0),('IM2313',1301,0),('IC2313',1302,0),('IM2314',1303,0),('IC2314',1304,0),('IM2315',1305,0),('IC2315',1306,0),('IM2316',1307,0),('IC2316',1308,0),('IM2317',1309,0),('IC2317',1310,0),('IM2318',1311,0),('IC2318',1312,0),('IM2319',1313,0),('IC2319',1314,0),('IM2320',1315,0),('IC2320',1316,0),('IM2321',1317,0),('IC2321',1318,0),('IM2322',1319,0),('IC2322',1320,0),('IM2324',1321,0),('IC2324',1322,0),('IM2325',1323,0),('IC2325',1324,0),('IM2326',1325,0),('IC2326',1326,0),('IM2327',1327,0),('IC2327',1328,0),('IM2328',1329,0),('IC2328',1330,0),('IM2329',1331,0),('IC2329',1332,0),('IM2330',1333,0),('IC2330',1334,0),('IM241',1335,0),('IC241',1336,0),('IM242',1337,0),('IC242',1338,0),('IM243',1339,0),('IC243',1340,0),('IM244',1341,0),('IC244',1342,0),('IM245',1343,0),('IC245',1344,0),('IM246',1345,0),('IC246',1346,0),('IM247',1347,0),('IC247',1348,0),('IM248',1349,0),('IC248',1350,0),('IM249',1351,0),('IC249',1352,0),('IM2410',1353,0),('IC2410',1354,0),('IM2411',1355,0),('IC2411',1356,0),('IM2412',1357,0),('IC2412',1358,0),('IM2413',1359,0),('IC2413',1360,0),('IM2414',1361,0),('IC2414',1362,0),('IM2415',1363,0),('IC2415',1364,0),('IM2416',1365,0),('IC2416',1366,0),('IM2417',1367,0),('IC2417',1368,0),('IM2418',1369,0),('IC2418',1370,0),('IM2419',1371,0),('IC2419',1372,0),('IM2420',1373,0),('IC2420',1374,0),('IM2421',1375,0),('IC2421',1376,0),('IM2422',1377,0),('IC2422',1378,0),('IM2423',1379,0),('IC2423',1380,0),('IM2425',1381,0),('IC2425',1382,0),('IM2426',1383,0),('IC2426',1384,0),('IM2427',1385,0),('IC2427',1386,0),('IM2428',1387,0),('IC2428',1388,0),('IM2429',1389,0),('IC2429',1390,0),('IM2430',1391,0),('IC2430',1392,0),('IM251',1393,0),('IC251',1394,0),('IM252',1395,0),('IC252',1396,0),('IM253',1397,0),('IC253',1398,0),('IM254',1399,0),('IC254',1400,0),('IM255',1401,0),('IC255',1402,0),('IM256',1403,0),('IC256',1404,0),('IM257',1405,0),('IC257',1406,0),('IM258',1407,0),('IC258',1408,0),('IM259',1409,0),('IC259',1410,0),('IM2510',1411,0),('IC2510',1412,0),('IM2511',1413,0),('IC2511',1414,0),('IM2512',1415,0),('IC2512',1416,0),('IM2513',1417,0),('IC2513',1418,0),('IM2514',1419,0),('IC2514',1420,0),('IM2515',1421,0),('IC2515',1422,0),('IM2516',1423,0),('IC2516',1424,0),('IM2517',1425,0),('IC2517',1426,0),('IM2518',1427,0),('IC2518',1428,0),('IM2519',1429,0),('IC2519',1430,0),('IM2520',1431,0),('IC2520',1432,0),('IM2521',1433,0),('IC2521',1434,0),('IM2522',1435,0),('IC2522',1436,0),('IM2523',1437,0),('IC2523',1438,0),('IM2524',1439,0),('IC2524',1440,0),('IM2526',1441,0),('IC2526',1442,0),('IM2527',1443,0),('IC2527',1444,0),('IM2528',1445,0),('IC2528',1446,0),('IM2529',1447,0),('IC2529',1448,0),('IM2530',1449,0),('IC2530',1450,0),('IM261',1451,0),('IC261',1452,0),('IM262',1453,0),('IC262',1454,0),('IM263',1455,0),('IC263',1456,0),('IM264',1457,0),('IC264',1458,0),('IM265',1459,0),('IC265',1460,0),('IM266',1461,0),('IC266',1462,0),('IM267',1463,0),('IC267',1464,0),('IM268',1465,0),('IC268',1466,0),('IM269',1467,0),('IC269',1468,0),('IM2610',1469,0),('IC2610',1470,0),('IM2611',1471,0),('IC2611',1472,0),('IM2612',1473,0),('IC2612',1474,0),('IM2613',1475,0),('IC2613',1476,0),('IM2614',1477,0),('IC2614',1478,0),('IM2615',1479,0),('IC2615',1480,0),('IM2616',1481,0),('IC2616',1482,0),('IM2617',1483,0),('IC2617',1484,0),('IM2618',1485,0),('IC2618',1486,0),('IM2619',1487,0),('IC2619',1488,0),('IM2620',1489,0),('IC2620',1490,0),('IM2621',1491,0),('IC2621',1492,0),('IM2622',1493,0),('IC2622',1494,0),('IM2623',1495,0),('IC2623',1496,0),('IM2624',1497,0),('IC2624',1498,0),('IM2625',1499,0),('IC2625',1500,0),('IM2627',1501,0),('IC2627',1502,0),('IM2628',1503,0),('IC2628',1504,0),('IM2629',1505,0),('IC2629',1506,0),('IM2630',1507,0),('IC2630',1508,0),('IM271',1509,0),('IC271',1510,0),('IM272',1511,0),('IC272',1512,0),('IM273',1513,0),('IC273',1514,0),('IM274',1515,0),('IC274',1516,0),('IM275',1517,0),('IC275',1518,0),('IM276',1519,0),('IC276',1520,0),('IM277',1521,0),('IC277',1522,0),('IM278',1523,0),('IC278',1524,0),('IM279',1525,0),('IC279',1526,0),('IM2710',1527,0),('IC2710',1528,0),('IM2711',1529,0),('IC2711',1530,0),('IM2712',1531,0),('IC2712',1532,0),('IM2713',1533,0),('IC2713',1534,0),('IM2714',1535,0),('IC2714',1536,0),('IM2715',1537,0),('IC2715',1538,0),('IM2716',1539,0),('IC2716',1540,0),('IM2717',1541,0),('IC2717',1542,0),('IM2718',1543,0),('IC2718',1544,0),('IM2719',1545,0),('IC2719',1546,0),('IM2720',1547,0),('IC2720',1548,0),('IM2721',1549,0),('IC2721',1550,0),('IM2722',1551,0),('IC2722',1552,0),('IM2723',1553,0),('IC2723',1554,0),('IM2724',1555,0),('IC2724',1556,0),('IM2725',1557,0),('IC2725',1558,0),('IM2726',1559,0),('IC2726',1560,0),('IM2728',1561,0),('IC2728',1562,0),('IM2729',1563,0),('IC2729',1564,0),('IM2730',1565,0),('IC2730',1566,0),('IM281',1567,0),('IC281',1568,0),('IM282',1569,0),('IC282',1570,0),('IM283',1571,0),('IC283',1572,0),('IM284',1573,0),('IC284',1574,0),('IM285',1575,0),('IC285',1576,0),('IM286',1577,0),('IC286',1578,0),('IM287',1579,0),('IC287',1580,0),('IM288',1581,0),('IC288',1582,0),('IM289',1583,0),('IC289',1584,0),('IM2810',1585,0),('IC2810',1586,0),('IM2811',1587,0),('IC2811',1588,0),('IM2812',1589,0),('IC2812',1590,0),('IM2813',1591,0),('IC2813',1592,0),('IM2814',1593,0),('IC2814',1594,0),('IM2815',1595,0),('IC2815',1596,0),('IM2816',1597,0),('IC2816',1598,0),('IM2817',1599,0),('IC2817',1600,0),('IM2818',1601,0),('IC2818',1602,0),('IM2819',1603,0),('IC2819',1604,0),('IM2820',1605,0),('IC2820',1606,0),('IM2821',1607,0),('IC2821',1608,0),('IM2822',1609,0),('IC2822',1610,0),('IM2823',1611,0),('IC2823',1612,0),('IM2824',1613,0),('IC2824',1614,0),('IM2825',1615,0),('IC2825',1616,0),('IM2826',1617,0),('IC2826',1618,0),('IM2827',1619,0),('IC2827',1620,0),('IM2829',1621,0),('IC2829',1622,0),('IM2830',1623,0),('IC2830',1624,0),('IM291',1625,0),('IC291',1626,0),('IM292',1627,0),('IC292',1628,0),('IM293',1629,0),('IC293',1630,0),('IM294',1631,0),('IC294',1632,0),('IM295',1633,0),('IC295',1634,0),('IM296',1635,0),('IC296',1636,0),('IM297',1637,0),('IC297',1638,0),('IM298',1639,0),('IC298',1640,0),('IM299',1641,0),('IC299',1642,0),('IM2910',1643,0),('IC2910',1644,0),('IM2911',1645,0),('IC2911',1646,0),('IM2912',1647,0),('IC2912',1648,0),('IM2913',1649,0),('IC2913',1650,0),('IM2914',1651,0),('IC2914',1652,0),('IM2915',1653,0),('IC2915',1654,0),('IM2916',1655,0),('IC2916',1656,0),('IM2917',1657,0),('IC2917',1658,0),('IM2918',1659,0),('IC2918',1660,0),('IM2919',1661,0),('IC2919',1662,0),('IM2920',1663,0),('IC2920',1664,0),('IM2921',1665,0),('IC2921',1666,0),('IM2922',1667,0),('IC2922',1668,0),('IM2923',1669,0),('IC2923',1670,0),('IM2924',1671,0),('IC2924',1672,0),('IM2925',1673,0),('IC2925',1674,0),('IM2926',1675,0),('IC2926',1676,0),('IM2927',1677,0),('IC2927',1678,0),('IM2928',1679,0),('IC2928',1680,0),('IM2930',1681,0),('IC2930',1682,0),('IM301',1683,0),('IC301',1684,0),('IM302',1685,0),('IC302',1686,0),('IM303',1687,0),('IC303',1688,0),('IM304',1689,0),('IC304',1690,0),('IM305',1691,0),('IC305',1692,0),('IM306',1693,0),('IC306',1694,0),('IM307',1695,0),('IC307',1696,0),('IM308',1697,0),('IC308',1698,0),('IM309',1699,0),('IC309',1700,0),('IM3010',1701,0),('IC3010',1702,0),('IM3011',1703,0),('IC3011',1704,0),('IM3012',1705,0),('IC3012',1706,0),('IM3013',1707,0),('IC3013',1708,0),('IM3014',1709,0),('IC3014',1710,0),('IM3015',1711,0),('IC3015',1712,0),('IM3016',1713,0),('IC3016',1714,0),('IM3017',1715,0),('IC3017',1716,0),('IM3018',1717,0),('IC3018',1718,0),('IM3019',1719,0),('IC3019',1720,0),('IM3020',1721,0),('IC3020',1722,0),('IM3021',1723,0),('IC3021',1724,0),('IM3022',1725,0),('IC3022',1726,0),('IM3023',1727,0),('IC3023',1728,0),('IM3024',1729,0),('IC3024',1730,0),('IM3025',1731,0),('IC3025',1732,0),('IM3026',1733,0),('IC3026',1734,0),('IM3027',1735,0),('IC3027',1736,0),('IM3028',1737,0),('IC3028',1738,0),('IM3029',1739,0),('IC3029',1740,0),('ICR1',1741,0),('ICR2',1742,0),('ICR3',1743,0),('ICR4',1744,0),('ICR5',1745,0),('ICR6',1746,0),('ICR7',1747,0),('ICR8',1748,0),('ICR9',1749,0),('ICR10',1750,0),('ICR11',1751,0),('ICR12',1752,0),('ICR13',1753,0),('ICR14',1754,0),('ICR15',1755,0),('ICR16',1756,0),('ICR17',1757,0),('ICR18',1758,0),('ICR19',1759,0),('ICR20',1760,0),('ICR21',1761,0),('ICR22',1762,0),('ICR23',1763,0),('ICR24',1764,0),('ICR25',1765,0),('ICR26',1766,0),('ICR27',1767,0),('ICR28',1768,0),('ICR29',1769,0),('ICR30',1770,0);
/*!40000 ALTER TABLE `global_counter` ENABLE KEYS */;
UNLOCK TABLES;

--
-- Table structure for table `latency`
--

DROP TABLE IF EXISTS `latency`;
/*!40101 SET @saved_cs_client     = @@character_set_client */;
/*!50503 SET character_set_client = utf8mb4 */;
CREATE TABLE `latency` (
  `node_ID` int(11) DEFAULT NULL,
  `node` int(11) DEFAULT NULL,
  `value` int(11) DEFAULT NULL,
  `id` int(11) NOT NULL AUTO_INCREMENT,
  PRIMARY KEY (`id`)
) ENGINE=InnoDB AUTO_INCREMENT=901 DEFAULT CHARSET=utf8mb4 COLLATE=utf8mb4_0900_ai_ci;
/*!40101 SET character_set_client = @saved_cs_client */;

--
-- Dumping data for table `latency`
--

LOCK TABLES `latency` WRITE;
/*!40000 ALTER TABLE `latency` DISABLE KEYS */;
INSERT INTO `latency` VALUES (1,1,0,1),(2,2,0,2),(2,1,1889,3),(1,2,1889,4),(3,3,0,5),(3,1,1821,6),(1,3,1821,7),(3,2,1500,8),(2,3,1500,9),(4,4,0,10),(4,1,654,11),(1,4,654,12),(4,2,964,13),(2,4,964,14),(4,3,1615,15),(3,4,1615,16),(5,5,0,17),(5,1,1519,18),(1,5,1519,19),(5,2,1577,20),(2,5,1577,21),(5,3,1336,22),(3,5,1336,23),(5,4,1545,24),(4,5,1545,25),(6,6,0,26),(6,1,1260,27),(1,6,1260,28),(6,2,246,29),(2,6,246,30),(6,3,723,31),(3,6,723,32),(6,4,589,33),(4,6,589,34),(6,5,542,35),(5,6,542,36),(7,7,0,37),(7,1,1021,38),(1,7,1021,39),(7,2,782,40),(2,7,782,41),(7,3,600,42),(3,7,600,43),(7,4,1793,44),(4,7,1793,45),(7,5,339,46),(5,7,339,47),(7,6,1627,48),(6,7,1627,49),(8,8,0,50),(8,1,947,51),(1,8,947,52),(8,2,1539,53),(2,8,1539,54),(8,3,900,55),(3,8,900,56),(8,4,1223,57),(4,8,1223,58),(8,5,619,59),(5,8,619,60),(8,6,1473,61),(6,8,1473,62),(8,7,1959,63),(7,8,1959,64),(9,9,0,65),(9,1,1123,66),(1,9,1123,67),(9,2,1738,68),(2,9,1738,69),(9,3,1017,70),(3,9,1017,71),(9,4,595,72),(4,9,595,73),(9,5,1155,74),(5,9,1155,75),(9,6,624,76),(6,9,624,77),(9,7,928,78),(7,9,928,79),(9,8,1473,80),(8,9,1473,81),(10,10,0,82),(10,1,483,83),(1,10,483,84),(10,2,1109,85),(2,10,1109,86),(10,3,1326,87),(3,10,1326,88),(10,4,1058,89),(4,10,1058,90),(10,5,1643,91),(5,10,1643,92),(10,6,1915,93),(6,10,1915,94),(10,7,301,95),(7,10,301,96),(10,8,946,97),(8,10,946,98),(10,9,705,99),(9,10,705,100),(11,11,0,101),(11,1,790,102),(1,11,790,103),(11,2,1329,104),(2,11,1329,105),(11,3,1435,106),(3,11,1435,107),(11,4,660,108),(4,11,660,109),(11,5,1849,110),(5,11,1849,111),(11,6,1558,112),(6,11,1558,113),(11,7,469,114),(7,11,469,115),(11,8,1850,116),(8,11,1850,117),(11,9,919,118),(9,11,919,119),(11,10,1112,120),(10,11,1112,121),(12,12,0,122),(12,1,259,123),(1,12,259,124),(12,2,793,125),(2,12,793,126),(12,3,1917,127),(3,12,1917,128),(12,4,1996,129),(4,12,1996,130),(12,5,502,131),(5,12,502,132),(12,6,263,133),(6,12,263,134),(12,7,1662,135),(7,12,1662,136),(12,8,767,137),(8,12,767,138),(12,9,1599,139),(9,12,1599,140),(12,10,1042,141),(10,12,1042,142),(12,11,1460,143),(11,12,1460,144),(13,13,0,145),(13,1,1788,146),(1,13,1788,147),(13,2,1218,148),(2,13,1218,149),(13,3,1765,150),(3,13,1765,151),(13,4,1181,152),(4,13,1181,153),(13,5,1711,154),(5,13,1711,155),(13,6,1289,156),(6,13,1289,157),(13,7,665,158),(7,13,665,159),(13,8,1190,160),(8,13,1190,161),(13,9,825,162),(9,13,825,163),(13,10,888,164),(10,13,888,165),(13,11,178,166),(11,13,178,167),(13,12,785,168),(12,13,785,169),(14,14,0,170),(14,1,568,171),(1,14,568,172),(14,2,575,173),(2,14,575,174),(14,3,307,175),(3,14,307,176),(14,4,1867,177),(4,14,1867,178),(14,5,599,179),(5,14,599,180),(14,6,339,181),(6,14,339,182),(14,7,1581,183),(7,14,1581,184),(14,8,207,185),(8,14,207,186),(14,9,1283,187),(9,14,1283,188),(14,10,1550,189),(10,14,1550,190),(14,11,1048,191),(11,14,1048,192),(14,12,754,193),(12,14,754,194),(14,13,692,195),(13,14,692,196),(15,15,0,197),(15,1,1256,198),(1,15,1256,199),(15,2,1733,200),(2,15,1733,201),(15,3,672,202),(3,15,672,203),(15,4,1634,204),(4,15,1634,205),(15,5,547,206),(5,15,547,207),(15,6,1729,208),(6,15,1729,209),(15,7,1447,210),(7,15,1447,211),(15,8,448,212),(8,15,448,213),(15,9,265,214),(9,15,265,215),(15,10,984,216),(10,15,984,217),(15,11,960,218),(11,15,960,219),(15,12,1316,220),(12,15,1316,221),(15,13,817,222),(13,15,817,223),(15,14,1873,224),(14,15,1873,225),(16,16,0,226),(16,1,1284,227),(1,16,1284,228),(16,2,501,229),(2,16,501,230),(16,3,517,231),(3,16,517,232),(16,4,562,233),(4,16,562,234),(16,5,1412,235),(5,16,1412,236),(16,6,449,237),(6,16,449,238),(16,7,385,239),(7,16,385,240),(16,8,377,241),(8,16,377,242),(16,9,1455,243),(9,16,1455,244),(16,10,770,245),(10,16,770,246),(16,11,623,247),(11,16,623,248),(16,12,143,249),(12,16,143,250),(16,13,1047,251),(13,16,1047,252),(16,14,490,253),(14,16,490,254),(16,15,1470,255),(15,16,1470,256),(17,17,0,257),(17,1,566,258),(1,17,566,259),(17,2,1921,260),(2,17,1921,261),(17,3,1197,262),(3,17,1197,263),(17,4,1845,264),(4,17,1845,265),(17,5,107,266),(5,17,107,267),(17,6,1283,268),(6,17,1283,269),(17,7,1443,270),(7,17,1443,271),(17,8,1532,272),(8,17,1532,273),(17,9,578,274),(9,17,578,275),(17,10,1158,276),(10,17,1158,277),(17,11,1726,278),(11,17,1726,279),(17,12,106,280),(12,17,106,281),(17,13,1909,282),(13,17,1909,283),(17,14,199,284),(14,17,199,285),(17,15,1857,286),(15,17,1857,287),(17,16,1576,288),(16,17,1576,289),(18,18,0,290),(18,1,421,291),(1,18,421,292),(18,2,842,293),(2,18,842,294),(18,3,292,295),(3,18,292,296),(18,4,815,297),(4,18,815,298),(18,5,1118,299),(5,18,1118,300),(18,6,1919,301),(6,18,1919,302),(18,7,1626,303),(7,18,1626,304),(18,8,290,305),(8,18,290,306),(18,9,1015,307),(9,18,1015,308),(18,10,487,309),(10,18,487,310),(18,11,1127,311),(11,18,1127,312),(18,12,581,313),(12,18,581,314),(18,13,611,315),(13,18,611,316),(18,14,1058,317),(14,18,1058,318),(18,15,549,319),(15,18,549,320),(18,16,1236,321),(16,18,1236,322),(18,17,741,323),(17,18,741,324),(19,19,0,325),(19,1,1428,326),(1,19,1428,327),(19,2,158,328),(2,19,158,329),(19,3,1876,330),(3,19,1876,331),(19,4,1999,332),(4,19,1999,333),(19,5,1880,334),(5,19,1880,335),(19,6,122,336),(6,19,122,337),(19,7,484,338),(7,19,484,339),(19,8,1979,340),(8,19,1979,341),(19,9,996,342),(9,19,996,343),(19,10,1557,344),(10,19,1557,345),(19,11,1131,346),(11,19,1131,347),(19,12,1544,348),(12,19,1544,349),(19,13,1638,350),(13,19,1638,351),(19,14,745,352),(14,19,745,353),(19,15,1573,354),(15,19,1573,355),(19,16,1568,356),(16,19,1568,357),(19,17,800,358),(17,19,800,359),(19,18,1752,360),(18,19,1752,361),(20,20,0,362),(20,1,1619,363),(1,20,1619,364),(20,2,131,365),(2,20,131,366),(20,3,795,367),(3,20,795,368),(20,4,265,369),(4,20,265,370),(20,5,1670,371),(5,20,1670,372),(20,6,457,373),(6,20,457,374),(20,7,227,375),(7,20,227,376),(20,8,1545,377),(8,20,1545,378),(20,9,1744,379),(9,20,1744,380),(20,10,664,381),(10,20,664,382),(20,11,1773,383),(11,20,1773,384),(20,12,1934,385),(12,20,1934,386),(20,13,1340,387),(13,20,1340,388),(20,14,1976,389),(14,20,1976,390),(20,15,661,391),(15,20,661,392),(20,16,1460,393),(16,20,1460,394),(20,17,1821,395),(17,20,1821,396),(20,18,1576,397),(18,20,1576,398),(20,19,1211,399),(19,20,1211,400),(21,21,0,401),(21,1,959,402),(1,21,959,403),(21,2,1848,404),(2,21,1848,405),(21,3,643,406),(3,21,643,407),(21,4,1804,408),(4,21,1804,409),(21,5,1134,410),(5,21,1134,411),(21,6,209,412),(6,21,209,413),(21,7,352,414),(7,21,352,415),(21,8,1924,416),(8,21,1924,417),(21,9,1305,418),(9,21,1305,419),(21,10,1562,420),(10,21,1562,421),(21,11,910,422),(11,21,910,423),(21,12,1219,424),(12,21,1219,425),(21,13,820,426),(13,21,820,427),(21,14,148,428),(14,21,148,429),(21,15,164,430),(15,21,164,431),(21,16,158,432),(16,21,158,433),(21,17,906,434),(17,21,906,435),(21,18,1649,436),(18,21,1649,437),(21,19,768,438),(19,21,768,439),(21,20,639,440),(20,21,639,441),(22,22,0,442),(22,1,1151,443),(1,22,1151,444),(22,2,1499,445),(2,22,1499,446),(22,3,803,447),(3,22,803,448),(22,4,594,449),(4,22,594,450),(22,5,281,451),(5,22,281,452),(22,6,1832,453),(6,22,1832,454),(22,7,599,455),(7,22,599,456),(22,8,1892,457),(8,22,1892,458),(22,9,1259,459),(9,22,1259,460),(22,10,1223,461),(10,22,1223,462),(22,11,151,463),(11,22,151,464),(22,12,588,465),(12,22,588,466),(22,13,1505,467),(13,22,1505,468),(22,14,1831,469),(14,22,1831,470),(22,15,1471,471),(15,22,1471,472),(22,16,658,473),(16,22,658,474),(22,17,606,475),(17,22,606,476),(22,18,861,477),(18,22,861,478),(22,19,494,479),(19,22,494,480),(22,20,1550,481),(20,22,1550,482),(22,21,687,483),(21,22,687,484),(23,23,0,485),(23,1,1708,486),(1,23,1708,487),(23,2,1157,488),(2,23,1157,489),(23,3,936,490),(3,23,936,491),(23,4,372,492),(4,23,372,493),(23,5,830,494),(5,23,830,495),(23,6,768,496),(6,23,768,497),(23,7,657,498),(7,23,657,499),(23,8,1483,500),(8,23,1483,501),(23,9,895,502),(9,23,895,503),(23,10,987,504),(10,23,987,505),(23,11,1966,506),(11,23,1966,507),(23,12,1703,508),(12,23,1703,509),(23,13,1634,510),(13,23,1634,511),(23,14,197,512),(14,23,197,513),(23,15,1598,514),(15,23,1598,515),(23,16,800,516),(16,23,800,517),(23,17,1470,518),(17,23,1470,519),(23,18,762,520),(18,23,762,521),(23,19,1775,522),(19,23,1775,523),(23,20,1158,524),(20,23,1158,525),(23,21,1617,526),(21,23,1617,527),(23,22,598,528),(22,23,598,529),(24,24,0,530),(24,1,985,531),(1,24,985,532),(24,2,568,533),(2,24,568,534),(24,3,545,535),(3,24,545,536),(24,4,1184,537),(4,24,1184,538),(24,5,1911,539),(5,24,1911,540),(24,6,1642,541),(6,24,1642,542),(24,7,1995,543),(7,24,1995,544),(24,8,359,545),(8,24,359,546),(24,9,683,547),(9,24,683,548),(24,10,1692,549),(10,24,1692,550),(24,11,903,551),(11,24,903,552),(24,12,1119,553),(12,24,1119,554),(24,13,422,555),(13,24,422,556),(24,14,748,557),(14,24,748,558),(24,15,1589,559),(15,24,1589,560),(24,16,1984,561),(16,24,1984,562),(24,17,1910,563),(17,24,1910,564),(24,18,1782,565),(18,24,1782,566),(24,19,961,567),(19,24,961,568),(24,20,250,569),(20,24,250,570),(24,21,976,571),(21,24,976,572),(24,22,558,573),(22,24,558,574),(24,23,601,575),(23,24,601,576),(25,25,0,577),(25,1,462,578),(1,25,462,579),(25,2,118,580),(2,25,118,581),(25,3,535,582),(3,25,535,583),(25,4,1855,584),(4,25,1855,585),(25,5,1946,586),(5,25,1946,587),(25,6,1832,588),(6,25,1832,589),(25,7,224,590),(7,25,224,591),(25,8,240,592),(8,25,240,593),(25,9,1995,594),(9,25,1995,595),(25,10,401,596),(10,25,401,597),(25,11,1813,598),(11,25,1813,599),(25,12,550,600),(12,25,550,601),(25,13,480,602),(13,25,480,603),(25,14,1214,604),(14,25,1214,605),(25,15,1375,606),(15,25,1375,607),(25,16,725,608),(16,25,725,609),(25,17,1300,610),(17,25,1300,611),(25,18,1592,612),(18,25,1592,613),(25,19,219,614),(19,25,219,615),(25,20,403,616),(20,25,403,617),(25,21,1401,618),(21,25,1401,619),(25,22,1086,620),(22,25,1086,621),(25,23,512,622),(23,25,512,623),(25,24,816,624),(24,25,816,625),(26,26,0,626),(26,1,802,627),(1,26,802,628),(26,2,451,629),(2,26,451,630),(26,3,672,631),(3,26,672,632),(26,4,1067,633),(4,26,1067,634),(26,5,174,635),(5,26,174,636),(26,6,1121,637),(6,26,1121,638),(26,7,708,639),(7,26,708,640),(26,8,1580,641),(8,26,1580,642),(26,9,1112,643),(9,26,1112,644),(26,10,817,645),(10,26,817,646),(26,11,1293,647),(11,26,1293,648),(26,12,677,649),(12,26,677,650),(26,13,1141,651),(13,26,1141,652),(26,14,718,653),(14,26,718,654),(26,15,518,655),(15,26,518,656),(26,16,755,657),(16,26,755,658),(26,17,821,659),(17,26,821,660),(26,18,274,661),(18,26,274,662),(26,19,908,663),(19,26,908,664),(26,20,1003,665),(20,26,1003,666),(26,21,1682,667),(21,26,1682,668),(26,22,137,669),(22,26,137,670),(26,23,1187,671),(23,26,1187,672),(26,24,793,673),(24,26,793,674),(26,25,113,675),(25,26,113,676),(27,27,0,677),(27,1,370,678),(1,27,370,679),(27,2,1305,680),(2,27,1305,681),(27,3,1269,682),(3,27,1269,683),(27,4,1850,684),(4,27,1850,685),(27,5,1841,686),(5,27,1841,687),(27,6,763,688),(6,27,763,689),(27,7,948,690),(7,27,948,691),(27,8,1995,692),(8,27,1995,693),(27,9,279,694),(9,27,279,695),(27,10,1343,696),(10,27,1343,697),(27,11,327,698),(11,27,327,699),(27,12,342,700),(12,27,342,701),(27,13,1846,702),(13,27,1846,703),(27,14,1564,704),(14,27,1564,705),(27,15,1482,706),(15,27,1482,707),(27,16,1292,708),(16,27,1292,709),(27,17,361,710),(17,27,361,711),(27,18,1486,712),(18,27,1486,713),(27,19,1888,714),(19,27,1888,715),(27,20,1610,716),(20,27,1610,717),(27,21,1766,718),(21,27,1766,719),(27,22,1424,720),(22,27,1424,721),(27,23,1382,722),(23,27,1382,723),(27,24,558,724),(24,27,558,725),(27,25,358,726),(25,27,358,727),(27,26,937,728),(26,27,937,729),(28,28,0,730),(28,1,1174,731),(1,28,1174,732),(28,2,1094,733),(2,28,1094,734),(28,3,1012,735),(3,28,1012,736),(28,4,1492,737),(4,28,1492,738),(28,5,1675,739),(5,28,1675,740),(28,6,1881,741),(6,28,1881,742),(28,7,1667,743),(7,28,1667,744),(28,8,1187,745),(8,28,1187,746),(28,9,1794,747),(9,28,1794,748),(28,10,435,749),(10,28,435,750),(28,11,1276,751),(11,28,1276,752),(28,12,1461,753),(12,28,1461,754),(28,13,1482,755),(13,28,1482,756),(28,14,1743,757),(14,28,1743,758),(28,15,209,759),(15,28,209,760),(28,16,1509,761),(16,28,1509,762),(28,17,1545,763),(17,28,1545,764),(28,18,815,765),(18,28,815,766),(28,19,766,767),(19,28,766,768),(28,20,1946,769),(20,28,1946,770),(28,21,818,771),(21,28,818,772),(28,22,511,773),(22,28,511,774),(28,23,1315,775),(23,28,1315,776),(28,24,318,777),(24,28,318,778),(28,25,693,779),(25,28,693,780),(28,26,1538,781),(26,28,1538,782),(28,27,1692,783),(27,28,1692,784),(29,29,0,785),(29,1,1323,786),(1,29,1323,787),(29,2,1203,788),(2,29,1203,789),(29,3,1006,790),(3,29,1006,791),(29,4,2000,792),(4,29,2000,793),(29,5,413,794),(5,29,413,795),(29,6,624,796),(6,29,624,797),(29,7,1266,798),(7,29,1266,799),(29,8,1998,800),(8,29,1998,801),(29,9,751,802),(9,29,751,803),(29,10,1138,804),(10,29,1138,805),(29,11,1374,806),(11,29,1374,807),(29,12,1905,808),(12,29,1905,809),(29,13,1627,810),(13,29,1627,811),(29,14,752,812),(14,29,752,813),(29,15,1609,814),(15,29,1609,815),(29,16,1315,816),(16,29,1315,817),(29,17,1945,818),(17,29,1945,819),(29,18,890,820),(18,29,890,821),(29,19,1675,822),(19,29,1675,823),(29,20,1973,824),(20,29,1973,825),(29,21,637,826),(21,29,637,827),(29,22,1526,828),(22,29,1526,829),(29,23,418,830),(23,29,418,831),(29,24,1117,832),(24,29,1117,833),(29,25,1311,834),(25,29,1311,835),(29,26,1024,836),(26,29,1024,837),(29,27,1579,838),(27,29,1579,839),(29,28,1146,840),(28,29,1146,841),(30,30,0,842),(30,1,203,843),(1,30,203,844),(30,2,221,845),(2,30,221,846),(30,3,1826,847),(3,30,1826,848),(30,4,1009,849),(4,30,1009,850),(30,5,755,851),(5,30,755,852),(30,6,1259,853),(6,30,1259,854),(30,7,330,855),(7,30,330,856),(30,8,1048,857),(8,30,1048,858),(30,9,724,859),(9,30,724,860),(30,10,1516,861),(10,30,1516,862),(30,11,715,863),(11,30,715,864),(30,12,564,865),(12,30,564,866),(30,13,535,867),(13,30,535,868),(30,14,957,869),(14,30,957,870),(30,15,918,871),(15,30,918,872),(30,16,1246,873),(16,30,1246,874),(30,17,528,875),(17,30,528,876),(30,18,127,877),(18,30,127,878),(30,19,1011,879),(19,30,1011,880),(30,20,1705,881),(20,30,1705,882),(30,21,1542,883),(21,30,1542,884),(30,22,598,885),(22,30,598,886),(30,23,977,887),(23,30,977,888),(30,24,1353,889),(24,30,1353,890),(30,25,1842,891),(25,30,1842,892),(30,26,295,893),(26,30,295,894),(30,27,169,895),(27,30,169,896),(30,28,1693,897),(28,30,1693,898),(30,29,1286,899),(29,30,1286,900);
/*!40000 ALTER TABLE `latency` ENABLE KEYS */;
UNLOCK TABLES;
/*!40103 SET TIME_ZONE=@OLD_TIME_ZONE */;

/*!40101 SET SQL_MODE=@OLD_SQL_MODE */;
/*!40014 SET FOREIGN_KEY_CHECKS=@OLD_FOREIGN_KEY_CHECKS */;
/*!40014 SET UNIQUE_CHECKS=@OLD_UNIQUE_CHECKS */;
/*!40101 SET CHARACTER_SET_CLIENT=@OLD_CHARACTER_SET_CLIENT */;
/*!40101 SET CHARACTER_SET_RESULTS=@OLD_CHARACTER_SET_RESULTS */;
/*!40101 SET COLLATION_CONNECTION=@OLD_COLLATION_CONNECTION */;
/*!40111 SET SQL_NOTES=@OLD_SQL_NOTES */;

-- Dump completed on 2021-05-25 16:56:03
